[
  {
    "name": "Bright Lime",
    "colorcode": "#E1CF00",
    "desc": "Đây là màu sơn bản quyền thuộc Nippon"
  },
  {
    "name": "Shocking Yellow",
    "colorcode": "#F2D500",
    "desc": "Đây là màu sơn bản quyền thuộc Nippon"
  },
  {
    "name": "Jester Yellow",
    "colorcode": "#F1BF10",
    "desc": "Đây là màu sơn bản quyền thuộc Nippon"
  },
  {
    "name": "Deep Safron",
    "colorcode": "#DC930C",
    "desc": "Đây là màu sơn bản quyền thuộc Nippon"
  },
  {
    "name": "Florist Yellow",
    "colorcode": "#F0A00D",
    "desc": "Đây là màu sơn bản quyền thuộc Nippon"
  },
  {
    "name": "Yellow Blaze",
    "colorcode": "#ECAE1C",
    "desc": "Đây là màu sơn bản quyền thuộc Nippon"
  },
  {
    "name": "Deep Marigolds",
    "colorcode": "#FFB600",
    "desc": "Đây là màu sơn bản quyền thuộc Nippon"
  },
  {
    "name": "Yellow Amazon",
    "colorcode": "#FFAC00",
    "desc": "Đây là màu sơn bản quyền thuộc Nippon"
  },
  {
    "name": "Sweet Grapefruit",
    "colorcode": "#FD9720",
    "desc": "Đây là màu sơn bản quyền thuộc Nippon"
  },
  {
    "name": "Orange Originality",
    "colorcode": "#DB7F22",
    "desc": "Đây là màu sơn bản quyền thuộc Nippon"
  },
  {
    "name": "Firelights",
    "colorcode": "#CF831F",
    "desc": "Đây là màu sơn bản quyền thuộc Nippon"
  },
  {
    "name": "Random Orange",
    "colorcode": "#D38415",
    "desc": "Đây là màu sơn bản quyền thuộc Nippon"
  },
  {
    "name": "Orange Kisses",
    "colorcode": "#F29F0D",
    "desc": "Đây là màu sơn bản quyền thuộc Nippon"
  },
  {
    "name": "Cheers",
    "colorcode": "#FFA300",
    "desc": "Đây là màu sơn bản quyền thuộc Nippon"
  },
  {
    "name": "Orange Bouquet",
    "colorcode": "#F78318",
    "desc": "Đây là màu sơn bản quyền thuộc Nippon"
  },
  {
    "name": "Orange Royale",
    "colorcode": "#EC8538",
    "desc": "Đây là màu sơn bản quyền thuộc Nippon"
  },
  {
    "name": "So Orange",
    "colorcode": "#EB7D22",
    "desc": "Đây là màu sơn bản quyền thuộc Nippon"
  },
  {
    "name": "Carrothead",
    "colorcode": "#CA5F1A",
    "desc": "Đây là màu sơn bản quyền thuộc Nippon"
  },
  {
    "name": "Setting Sun",
    "colorcode": "#CF601F",
    "desc": "Đây là màu sơn bản quyền thuộc Nippon"
  },
  {
    "name": "Ripe Tomatoes",
    "colorcode": "#D97020",
    "desc": "Đây là màu sơn bản quyền thuộc Nippon"
  },
  {
    "name": "Exciting Orange",
    "colorcode": "#D4781F",
    "desc": "Đây là màu sơn bản quyền thuộc Nippon"
  },
  {
    "name": "Hot Shot",
    "colorcode": "#E45E2A",
    "desc": "Đây là màu sơn bản quyền thuộc Nippon"
  },
  {
    "name": "Talk Of The Town",
    "colorcode": "#E65930",
    "desc": "Đây là màu sơn bản quyền thuộc Nippon"
  },
  {
    "name": "Cotillion Red",
    "colorcode": "#C44C1B",
    "desc": "Đây là màu sơn bản quyền thuộc Nippon"
  },
  {
    "name": "Alpha Red",
    "colorcode": "#AE4832",
    "desc": "Đây là màu sơn bản quyền thuộc Nippon"
  },
  {
    "name": "Red Martini",
    "colorcode": "#A04525",
    "desc": "Đây là màu sơn bản quyền thuộc Nippon"
  },
  {
    "name": "Red Confetti",
    "colorcode": "#A44939",
    "desc": "Đây là màu sơn bản quyền thuộc Nippon"
  },
  {
    "name": "Red Apples",
    "colorcode": "#A94A2B",
    "desc": "Đây là màu sơn bản quyền thuộc Nippon"
  },
  {
    "name": "Fast Car",
    "colorcode": "#D45954",
    "desc": "Đây là màu sơn bản quyền thuộc Nippon"
  },
  {
    "name": "Absolutely Pink",
    "colorcode": "#CD5A5E",
    "desc": "Đây là màu sơn bản quyền thuộc Nippon"
  },
  {
    "name": "English Rose",
    "colorcode": "#98474F",
    "desc": "Đây là màu sơn bản quyền thuộc Nippon"
  },
  {
    "name": "Irish Charm",
    "colorcode": "#73424C",
    "desc": "Đây là màu sơn bản quyền thuộc Nippon"
  },
  {
    "name": "Pink Floss",
    "colorcode": "#C65A67",
    "desc": "Đây là màu sơn bản quyền thuộc Nippon"
  },
  {
    "name": "Pizazz",
    "colorcode": "#BB5361",
    "desc": "Đây là màu sơn bản quyền thuộc Nippon"
  },
  {
    "name": "Vivid Violet",
    "colorcode": "#AD5265",
    "desc": "Đây là màu sơn bản quyền thuộc Nippon"
  },
  {
    "name": "Conquest",
    "colorcode": "#8D516B",
    "desc": "Đây là màu sơn bản quyền thuộc Nippon"
  },
  {
    "name": "Grape Popsicle",
    "colorcode": "#82516F",
    "desc": "Đây là màu sơn bản quyền thuộc Nippon"
  },
  {
    "name": "Marmalade Rush",
    "colorcode": "#7A5172",
    "desc": "Đây là màu sơn bản quyền thuộc Nippon"
  },
  {
    "name": "Grape Wine",
    "colorcode": "#51393C",
    "desc": "Đây là màu sơn bản quyền thuộc Nippon"
  },
  {
    "name": "Violet Crunch",
    "colorcode": "#523F4D",
    "desc": "Đây là màu sơn bản quyền thuộc Nippon"
  },
  {
    "name": "Jam Break",
    "colorcode": "#53415C",
    "desc": "Đây là màu sơn bản quyền thuộc Nippon"
  },
  {
    "name": "Grape Freeze",
    "colorcode": "#5F4059",
    "desc": "Đây là màu sơn bản quyền thuộc Nippon"
  },
  {
    "name": "Purple Charm",
    "colorcode": "#4B4D77",
    "desc": "Đây là màu sơn bản quyền thuộc Nippon"
  },
  {
    "name": "Magnetism",
    "colorcode": "#4C4D73",
    "desc": "Đây là màu sơn bản quyền thuộc Nippon"
  },
  {
    "name": "Blessed Purple",
    "colorcode": "#46425E",
    "desc": "Đây là màu sơn bản quyền thuộc Nippon"
  },
  {
    "name": "Rhapsody",
    "colorcode": "#364370",
    "desc": "Đây là màu sơn bản quyền thuộc Nippon"
  },
  {
    "name": "Deep Faith",
    "colorcode": "#3F4156",
    "desc": "Đây là màu sơn bản quyền thuộc Nippon"
  },
  {
    "name": "So Purple",
    "colorcode": "#41466D",
    "desc": "Đây là màu sơn bản quyền thuộc Nippon"
  },
  {
    "name": "Mozarts",
    "colorcode": "#46507E",
    "desc": "Đây là màu sơn bản quyền thuộc Nippon"
  },
  {
    "name": "Electrify",
    "colorcode": "#005CB0",
    "desc": "Đây là màu sơn bản quyền thuộc Nippon"
  },
  {
    "name": "Blue Lighting",
    "colorcode": "#0056A2",
    "desc": "Đây là màu sơn bản quyền thuộc Nippon"
  },
  {
    "name": "Blue Mercury",
    "colorcode": "#104984",
    "desc": "Đây là màu sơn bản quyền thuộc Nippon"
  },
  {
    "name": "Cobalt Blue",
    "colorcode": "#2C4D7B",
    "desc": "Đây là màu sơn bản quyền thuộc Nippon"
  },
  {
    "name": "Fluid Blue",
    "colorcode": "#00528F",
    "desc": "Đây là màu sơn bản quyền thuộc Nippon"
  },
  {
    "name": "Circuit Blue",
    "colorcode": "#005695",
    "desc": "Đây là màu sơn bản quyền thuộc Nippon"
  },
  {
    "name": "Sports Blue",
    "colorcode": "#005E8E",
    "desc": "Đây là màu sơn bản quyền thuộc Nippon"
  },
  {
    "name": "Green Academy",
    "colorcode": "#00654F",
    "desc": "Đây là màu sơn bản quyền thuộc Nippon"
  },
  {
    "name": "Green Feathers",
    "colorcode": "#045737",
    "desc": "Đây là màu sơn bản quyền thuộc Nippon"
  },
  {
    "name": "Great Seascape",
    "colorcode": "#195040",
    "desc": "Đây là màu sơn bản quyền thuộc Nippon"
  },
  {
    "name": "Tempest Sea",
    "colorcode": "#295455",
    "desc": "Đây là màu sơn bản quyền thuộc Nippon"
  },
  {
    "name": "Harbour",
    "colorcode": "#006871",
    "desc": "Đây là màu sơn bản quyền thuộc Nippon"
  },
  {
    "name": "Sea Balm",
    "colorcode": "#00718C",
    "desc": "Đây là màu sơn bản quyền thuộc Nippon"
  },
  {
    "name": "Fantasy Green",
    "colorcode": "#006873",
    "desc": "Đây là màu sơn bản quyền thuộc Nippon"
  },
  {
    "name": "Faraway",
    "colorcode": "#21933C",
    "desc": "Đây là màu sơn bản quyền thuộc Nippon"
  },
  {
    "name": "Mythology",
    "colorcode": "#008438",
    "desc": "Đây là màu sơn bản quyền thuộc Nippon"
  },
  {
    "name": "Greek Legend",
    "colorcode": "#007B4E",
    "desc": "Đây là màu sơn bản quyền thuộc Nippon"
  },
  {
    "name": "Impressions",
    "colorcode": "#206734",
    "desc": "Đây là màu sơn bản quyền thuộc Nippon"
  },
  {
    "name": "Green Gust",
    "colorcode": "#3A7F24",
    "desc": "Đây là màu sơn bản quyền thuộc Nippon"
  },
  {
    "name": "Gisette Green",
    "colorcode": "#85AA00",
    "desc": "Đây là màu sơn bản quyền thuộc Nippon"
  },
  {
    "name": "Colleen Green",
    "colorcode": "#62AE24",
    "desc": "Đây là màu sơn bản quyền thuộc Nippon"
  },
  {
    "name": "Army Green",
    "colorcode": "#58743D",
    "desc": "Đây là màu sơn bản quyền thuộc Nippon"
  },
  {
    "name": "Dark Green",
    "colorcode": "#4B7035",
    "desc": "Đây là màu sơn bản quyền thuộc Nippon"
  },
  {
    "name": "Costume Green",
    "colorcode": "#4B5F39",
    "desc": "Đây là màu sơn bản quyền thuộc Nippon"
  },
  {
    "name": "Out To The Seas",
    "colorcode": "#395D33",
    "desc": "Đây là màu sơn bản quyền thuộc Nippon"
  },
  {
    "name": "Green Topiary",
    "colorcode": "#536235",
    "desc": "Đây là màu sơn bản quyền thuộc Nippon"
  },
  {
    "name": "Woods Trail",
    "colorcode": "#687431",
    "desc": "Đây là màu sơn bản quyền thuộc Nippon"
  },
  {
    "name": "Breen",
    "colorcode": "#979744",
    "desc": "Đây là màu sơn bản quyền thuộc Nippon"
  },
  {
    "name": "Bronze Trophy",
    "colorcode": "#B39135",
    "desc": "Đây là màu sơn bản quyền thuộc Nippon"
  },
  {
    "name": "Swinging Palms",
    "colorcode": "#A49128",
    "desc": "Đây là màu sơn bản quyền thuộc Nippon"
  },
  {
    "name": "Oregano Leaves",
    "colorcode": "#8B8E28",
    "desc": "Đây là màu sơn bản quyền thuộc Nippon"
  },
  {
    "name": "Woodford",
    "colorcode": "#786E38",
    "desc": "Đây là màu sơn bản quyền thuộc Nippon"
  },
  {
    "name": "Wood Grains",
    "colorcode": "#8C7235",
    "desc": "Đây là màu sơn bản quyền thuộc Nippon"
  },
  {
    "name": "Grated Pulp",
    "colorcode": "#A57A3B",
    "desc": "Đây là màu sơn bản quyền thuộc Nippon"
  },
  {
    "name": "Ollie Gold",
    "colorcode": "#BD8336",
    "desc": "Đây là màu sơn bản quyền thuộc Nippon"
  },
  {
    "name": "Castle Rook",
    "colorcode": "#9A703B",
    "desc": "Đây là màu sơn bản quyền thuộc Nippon"
  },
  {
    "name": "Fortune Cookie",
    "colorcode": "#775537",
    "desc": "Đây là màu sơn bản quyền thuộc Nippon"
  },
  {
    "name": "Affogato",
    "colorcode": "#5F402D",
    "desc": "Đây là màu sơn bản quyền thuộc Nippon"
  },
  {
    "name": "Expresso",
    "colorcode": "#50402C",
    "desc": "Đây là màu sơn bản quyền thuộc Nippon"
  },
  {
    "name": "Natural Highlights",
    "colorcode": "#5A4932",
    "desc": "Đây là màu sơn bản quyền thuộc Nippon"
  },
  {
    "name": "Bedford",
    "colorcode": "#735739",
    "desc": "Đây là màu sơn bản quyền thuộc Nippon"
  },
  {
    "name": "Brown Dye",
    "colorcode": "#775C39",
    "desc": "Đây là màu sơn bản quyền thuộc Nippon"
  },
  {
    "name": "Caramel Twist",
    "colorcode": "#AA713A",
    "desc": "Đây là màu sơn bản quyền thuộc Nippon"
  },
  {
    "name": "Caramel Twirl",
    "colorcode": "#AD6939",
    "desc": "Đây là màu sơn bản quyền thuộc Nippon"
  },
  {
    "name": "Brown Bailey",
    "colorcode": "#844C2F",
    "desc": "Đây là màu sơn bản quyền thuộc Nippon"
  },
  {
    "name": "Soprano",
    "colorcode": "#60382F",
    "desc": "Đây là màu sơn bản quyền thuộc Nippon"
  },
  {
    "name": "Winestone",
    "colorcode": "#6B3C2E",
    "desc": "Đây là màu sơn bản quyền thuộc Nippon"
  },
  {
    "name": "New Terracotta",
    "colorcode": "#734532",
    "desc": "Đây là màu sơn bản quyền thuộc Nippon"
  },
  {
    "name": "Fertile Earth",
    "colorcode": "#8B4424",
    "desc": "Đây là màu sơn bản quyền thuộc Nippon"
  }
]
