[
  {
    "name": "Smooth Sailing",
    "colorcode": "#B6D8E4",
    "desc": "Đây là màu sơn bản quyền thuộc Nippon"
  },
  {
    "name": "Winning Streak",
    "colorcode": "#A1D1E4",
    "desc": "Đây là màu sơn bản quyền thuộc Nippon"
  },
  {
    "name": "Great Outdoors",
    "colorcode": "#80C2DD",
    "desc": "Đây là màu sơn bản quyền thuộc Nippon"
  },
  {
    "name": "Norse Blue",
    "colorcode": "#007AB2",
    "desc": "Đây là màu sơn bản quyền thuộc Nippon"
  },
  {
    "name": "Out at Sea",
    "colorcode": "#2D9BC8",
    "desc": "Đây là màu sơn bản quyền thuộc Nippon"
  },
  {
    "name": "Blue Spell",
    "colorcode": "#5DACCF",
    "desc": "Đây là màu sơn bản quyền thuộc Nippon"
  },
  {
    "name": "Blue Instinct",
    "colorcode": "#B8DEE5",
    "desc": "Đây là màu sơn bản quyền thuộc Nippon"
  },
  {
    "name": "Blue Wool",
    "colorcode": "#C6DEE4",
    "desc": "Đây là màu sơn bản quyền thuộc Nippon"
  },
  {
    "name": "Blue Jive",
    "colorcode": "#9ECFE1",
    "desc": "Đây là màu sơn bản quyền thuộc Nippon"
  },
  {
    "name": "Blue Entry",
    "colorcode": "#54B1CF",
    "desc": "Đây là màu sơn bản quyền thuộc Nippon"
  },
  {
    "name": "Blue Jewel",
    "colorcode": "#0078A8",
    "desc": "Đây là màu sơn bản quyền thuộc Nippon"
  },
  {
    "name": "Florence Blue",
    "colorcode": "#0085B3",
    "desc": "Đây là màu sơn bản quyền thuộc Nippon"
  },
  {
    "name": "Mediterranean Seas",
    "colorcode": "#72BFDD",
    "desc": "Đây là màu sơn bản quyền thuộc Nippon"
  },
  {
    "name": "Blue Puff",
    "colorcode": "#99CFDB",
    "desc": "Đây là màu sơn bản quyền thuộc Nippon"
  },
  {
    "name": "Sky Delight",
    "colorcode": "#BBDFDF",
    "desc": "Đây là màu sơn bản quyền thuộc Nippon"
  },
  {
    "name": "Basic Blue",
    "colorcode": "#92D5DF",
    "desc": "Đây là màu sơn bản quyền thuộc Nippon"
  },
  {
    "name": "Classical Blue",
    "colorcode": "#1DA0BE",
    "desc": "Đây là màu sơn bản quyền thuộc Nippon"
  },
  {
    "name": "Saxony Blue",
    "colorcode": "#0079A4",
    "desc": "Đây là màu sơn bản quyền thuộc Nippon"
  },
  {
    "name": "Ocean Calm",
    "colorcode": "#008CAE",
    "desc": "Đây là màu sơn bản quyền thuộc Nippon"
  },
  {
    "name": "Engaging",
    "colorcode": "#5AB7CD",
    "desc": "Đây là màu sơn bản quyền thuộc Nippon"
  },
  {
    "name": "Blue Breeze",
    "colorcode": "#A0D4DA",
    "desc": "Đây là màu sơn bản quyền thuộc Nippon"
  },
  {
    "name": "Blue Scarf",
    "colorcode": "#B7E2E3",
    "desc": "Đây là màu sơn bản quyền thuộc Nippon"
  },
  {
    "name": "Distant Blue",
    "colorcode": "#96D4D7",
    "desc": "Đây là màu sơn bản quyền thuộc Nippon"
  },
  {
    "name": "Persian Blue",
    "colorcode": "#50BBC6",
    "desc": "Đây là màu sơn bản quyền thuộc Nippon"
  },
  {
    "name": "Navajo Turquoise",
    "colorcode": "#007290",
    "desc": "Đây là màu sơn bản quyền thuộc Nippon"
  },
  {
    "name": "Turkish Tile",
    "colorcode": "#0095A8",
    "desc": "Đây là màu sơn bản quyền thuộc Nippon"
  },
  {
    "name": "Greenacle",
    "colorcode": "#76CDD4",
    "desc": "Đây là màu sơn bản quyền thuộc Nippon"
  },
  {
    "name": "Smooth Way",
    "colorcode": "#88C7CD",
    "desc": "Đây là màu sơn bản quyền thuộc Nippon"
  },
  {
    "name": "Quiet Lake",
    "colorcode": "#B7E5DE",
    "desc": "Đây là màu sơn bản quyền thuộc Nippon"
  },
  {
    "name": "Cool Wave",
    "colorcode": "#96D6D5",
    "desc": "Đây là màu sơn bản quyền thuộc Nippon"
  },
  {
    "name": "Set Sail",
    "colorcode": "#55C0C5",
    "desc": "Đây là màu sơn bản quyền thuộc Nippon"
  },
  {
    "name": "High Trek",
    "colorcode": "#008290",
    "desc": "Đây là màu sơn bản quyền thuộc Nippon"
  },
  {
    "name": "Aegean Sea",
    "colorcode": "#009DA5",
    "desc": "Đây là màu sơn bản quyền thuộc Nippon"
  },
  {
    "name": "Nice Mint",
    "colorcode": "#9EDDDB",
    "desc": "Đây là màu sơn bản quyền thuộc Nippon"
  },
  {
    "name": "Seaside Lodge",
    "colorcode": "#B7E2DE",
    "desc": "Đây là màu sơn bản quyền thuộc Nippon"
  },
  {
    "name": "Pool Party",
    "colorcode": "#BCE8E1",
    "desc": "Đây là màu sơn bản quyền thuộc Nippon"
  },
  {
    "name": "Spring Splash",
    "colorcode": "#98DBD2",
    "desc": "Đây là màu sơn bản quyền thuộc Nippon"
  },
  {
    "name": "Poolside",
    "colorcode": "#4CC8C2",
    "desc": "Đây là màu sơn bản quyền thuộc Nippon"
  },
  {
    "name": "Raging Waters",
    "colorcode": "#009782",
    "desc": "Đây là màu sơn bản quyền thuộc Nippon"
  },
  {
    "name": "Paradise Waters",
    "colorcode": "#00AA9D",
    "desc": "Đây là màu sơn bản quyền thuộc Nippon"
  },
  {
    "name": "Lush",
    "colorcode": "#5ACFC6",
    "desc": "Đây là màu sơn bản quyền thuộc Nippon"
  },
  {
    "name": "Green Rhythm",
    "colorcode": "#90DDD6",
    "desc": "Đây là màu sơn bản quyền thuộc Nippon"
  },
  {
    "name": "Compass Green",
    "colorcode": "#C1E6D9",
    "desc": "Đây là màu sơn bản quyền thuộc Nippon"
  },
  {
    "name": "Elves Green",
    "colorcode": "#78D4C3",
    "desc": "Đây là màu sơn bản quyền thuộc Nippon"
  },
  {
    "name": "Green Campus",
    "colorcode": "#53BCAA",
    "desc": "Đây là màu sơn bản quyền thuộc Nippon"
  },
  {
    "name": "Ultra Green",
    "colorcode": "#007D5E",
    "desc": "Đây là màu sơn bản quyền thuộc Nippon"
  },
  {
    "name": "Turquoise Beads",
    "colorcode": "#0BA98E",
    "desc": "Đây là màu sơn bản quyền thuộc Nippon"
  },
  {
    "name": "Aqua Glass",
    "colorcode": "#6CC9B5",
    "desc": "Đây là màu sơn bản quyền thuộc Nippon"
  },
  {
    "name": "Crisp Green",
    "colorcode": "#A7DCD0",
    "desc": "Đây là màu sơn bản quyền thuộc Nippon"
  },
  {
    "name": "Fairways",
    "colorcode": "#C9EADA",
    "desc": "Đây là màu sơn bản quyền thuộc Nippon"
  },
  {
    "name": "Green Gates",
    "colorcode": "#83D7B7",
    "desc": "Đây là màu sơn bản quyền thuộc Nippon"
  },
  {
    "name": "Gazing Fields",
    "colorcode": "#4AC08E",
    "desc": "Đây là màu sơn bản quyền thuộc Nippon"
  },
  {
    "name": "Green Barricades",
    "colorcode": "#009A58",
    "desc": "Đây là màu sơn bản quyền thuộc Nippon"
  },
  {
    "name": "Gretel's Guess",
    "colorcode": "#00B17C",
    "desc": "Đây là màu sơn bản quyền thuộc Nippon"
  },
  {
    "name": "Green Gauze",
    "colorcode": "#77D1AE",
    "desc": "Đây là màu sơn bản quyền thuộc Nippon"
  },
  {
    "name": "Gustav Green",
    "colorcode": "#A1DFC9",
    "desc": "Đây là màu sơn bản quyền thuộc Nippon"
  },
  {
    "name": "Amenity",
    "colorcode": "#B0DEC2",
    "desc": "Đây là màu sơn bản quyền thuộc Nippon"
  },
  {
    "name": "Green Slur",
    "colorcode": "#A6E0C8",
    "desc": "Đây là màu sơn bản quyền thuộc Nippon"
  },
  {
    "name": "Spun Green",
    "colorcode": "#7FC29D",
    "desc": "Đây là màu sơn bản quyền thuộc Nippon"
  },
  {
    "name": "Greenway",
    "colorcode": "#008E47",
    "desc": "Đây là màu sơn bản quyền thuộc Nippon"
  },
  {
    "name": "Green Fortune",
    "colorcode": "#3AAE6D",
    "desc": "Đây là màu sơn bản quyền thuộc Nippon"
  },
  {
    "name": "Restful Green",
    "colorcode": "#79CCA1",
    "desc": "Đây là màu sơn bản quyền thuộc Nippon"
  },
  {
    "name": "Party Mint",
    "colorcode": "#A0D0B6",
    "desc": "Đây là màu sơn bản quyền thuộc Nippon"
  },
  {
    "name": "Green Draft",
    "colorcode": "#CDECD5",
    "desc": "Đây là màu sơn bản quyền thuộc Nippon"
  },
  {
    "name": "Grated Green",
    "colorcode": "#A5DEC3",
    "desc": "Đây là màu sơn bản quyền thuộc Nippon"
  },
  {
    "name": "Green Gazette",
    "colorcode": "#86D3A5",
    "desc": "Đây là màu sơn bản quyền thuộc Nippon"
  },
  {
    "name": "Going Green",
    "colorcode": "#2F7B36",
    "desc": "Đây là màu sơn bản quyền thuộc Nippon"
  },
  {
    "name": "Green Breakers",
    "colorcode": "#39B45C",
    "desc": "Đây là màu sơn bản quyền thuộc Nippon"
  },
  {
    "name": "Tidal Green",
    "colorcode": "#5EBF82",
    "desc": "Đây là màu sơn bản quyền thuộc Nippon"
  },
  {
    "name": "Green Glaze",
    "colorcode": "#ADE3C5",
    "desc": "Đây là màu sơn bản quyền thuộc Nippon"
  },
  {
    "name": "Rainy Ride",
    "colorcode": "#D7EFCE",
    "desc": "Đây là màu sơn bản quyền thuộc Nippon"
  },
  {
    "name": "Greek Myth",
    "colorcode": "#C2E8BE",
    "desc": "Đây là màu sơn bản quyền thuộc Nippon"
  },
  {
    "name": "Surrey Green",
    "colorcode": "#8AD19C",
    "desc": "Đây là màu sơn bản quyền thuộc Nippon"
  },
  {
    "name": "Arboretum",
    "colorcode": "#009B37",
    "desc": "Đây là màu sơn bản quyền thuộc Nippon"
  },
  {
    "name": "Beanstalk",
    "colorcode": "#52B262",
    "desc": "Đây là màu sơn bản quyền thuộc Nippon"
  },
  {
    "name": "Mountain High",
    "colorcode": "#68C977",
    "desc": "Đây là màu sơn bản quyền thuộc Nippon"
  },
  {
    "name": "Green Highlands",
    "colorcode": "#A2DFAD",
    "desc": "Đây là màu sơn bản quyền thuộc Nippon"
  },
  {
    "name": "Young Tea Leaves",
    "colorcode": "#CDE8C2",
    "desc": "Đây là màu sơn bản quyền thuộc Nippon"
  },
  {
    "name": "Jasmine Scent",
    "colorcode": "#C5E5BA",
    "desc": "Đây là màu sơn bản quyền thuộc Nippon"
  },
  {
    "name": "Jasmine Leaf",
    "colorcode": "#98D790",
    "desc": "Đây là màu sơn bản quyền thuộc Nippon"
  },
  {
    "name": "Stunning Green",
    "colorcode": "#3CA50D",
    "desc": "Đây là màu sơn bản quyền thuộc Nippon"
  },
  {
    "name": "Matcha Green",
    "colorcode": "#68C251",
    "desc": "Đây là màu sơn bản quyền thuộc Nippon"
  },
  {
    "name": "Picking Green",
    "colorcode": "#84D07B",
    "desc": "Đây là màu sơn bản quyền thuộc Nippon"
  },
  {
    "name": "Getaway",
    "colorcode": "#B4E1B1",
    "desc": "Đây là màu sơn bản quyền thuộc Nippon"
  },
  {
    "name": "Kiwi Squeeze",
    "colorcode": "#C9E6BA",
    "desc": "Đây là màu sơn bản quyền thuộc Nippon"
  },
  {
    "name": "Sweet Kiwi",
    "colorcode": "#B1E3AA",
    "desc": "Đây là màu sơn bản quyền thuộc Nippon"
  },
  {
    "name": "Kiwi Smoothie",
    "colorcode": "#97D895",
    "desc": "Đây là màu sơn bản quyền thuộc Nippon"
  },
  {
    "name": "Shenanigan",
    "colorcode": "#4DAA25",
    "desc": "Đây là màu sơn bản quyền thuộc Nippon"
  },
  {
    "name": "Kiwi",
    "colorcode": "#6EC34D",
    "desc": "Đây là màu sơn bản quyền thuộc Nippon"
  },
  {
    "name": "Kiwi Cut",
    "colorcode": "#99D78B",
    "desc": "Đây là màu sơn bản quyền thuộc Nippon"
  },
  {
    "name": "Iced Kiwi",
    "colorcode": "#C4E7BD",
    "desc": "Đây là màu sơn bản quyền thuộc Nippon"
  },
  {
    "name": "Floating Leaves",
    "colorcode": "#E1EDCA",
    "desc": "Đây là màu sơn bản quyền thuộc Nippon"
  },
  {
    "name": "Leaflet",
    "colorcode": "#C5E1AB",
    "desc": "Đây là màu sơn bản quyền thuộc Nippon"
  },
  {
    "name": "Lime Freeze",
    "colorcode": "#AADC8A",
    "desc": "Đây là màu sơn bản quyền thuộc Nippon"
  },
  {
    "name": "Lime Frappe",
    "colorcode": "#5FB300",
    "desc": "Đây là màu sơn bản quyền thuộc Nippon"
  },
  {
    "name": "Frolic Green",
    "colorcode": "#81C54B",
    "desc": "Đây là màu sơn bản quyền thuộc Nippon"
  },
  {
    "name": "Apple Martini",
    "colorcode": "#97D37A",
    "desc": "Đây là màu sơn bản quyền thuộc Nippon"
  },
  {
    "name": "Apple Cut",
    "colorcode": "#D4E8B5",
    "desc": "Đây là màu sơn bản quyền thuộc Nippon"
  },
  {
    "name": "Pale Parsnip",
    "colorcode": "#D3E8B4",
    "desc": "Đây là màu sơn bản quyền thuộc Nippon"
  },
  {
    "name": "Green Treat",
    "colorcode": "#C7E192",
    "desc": "Đây là màu sơn bản quyền thuộc Nippon"
  },
  {
    "name": "Pixie Leaf",
    "colorcode": "#B2D671",
    "desc": "Đây là màu sơn bản quyền thuộc Nippon"
  },
  {
    "name": "Green Tuft",
    "colorcode": "#85BB0F",
    "desc": "Đây là màu sơn bản quyền thuộc Nippon"
  },
  {
    "name": "Green Willow",
    "colorcode": "#96C347",
    "desc": "Đây là màu sơn bản quyền thuộc Nippon"
  },
  {
    "name": "Parsnip",
    "colorcode": "#BBD887",
    "desc": "Đây là màu sơn bản quyền thuộc Nippon"
  },
  {
    "name": "Willow Stem",
    "colorcode": "#CFE3AB",
    "desc": "Đây là màu sơn bản quyền thuộc Nippon"
  },
  {
    "name": "Calm Spirit",
    "colorcode": "#DDE8B5",
    "desc": "Đây là màu sơn bản quyền thuộc Nippon"
  },
  {
    "name": "Tiny Leaf",
    "colorcode": "#D1E1A3",
    "desc": "Đây là màu sơn bản quyền thuộc Nippon"
  },
  {
    "name": "Limeburst",
    "colorcode": "#BCD483",
    "desc": "Đây là màu sơn bản quyền thuộc Nippon"
  },
  {
    "name": "Lime Time",
    "colorcode": "#9EB800",
    "desc": "Đây là màu sơn bản quyền thuộc Nippon"
  },
  {
    "name": "Exclusive Green",
    "colorcode": "#B2CD70",
    "desc": "Đây là màu sơn bản quyền thuộc Nippon"
  },
  {
    "name": "Greensheen",
    "colorcode": "#C2DB87",
    "desc": "Đây là màu sơn bản quyền thuộc Nippon"
  },
  {
    "name": "Elusive Green",
    "colorcode": "#D6E4AA",
    "desc": "Đây là màu sơn bản quyền thuộc Nippon"
  },
  {
    "name": "Sheer Green",
    "colorcode": "#30E9A6",
    "desc": "Đây là màu sơn bản quyền thuộc Nippon"
  },
  {
    "name": "Young Shoot",
    "colorcode": "#D4E48A",
    "desc": "Đây là màu sơn bản quyền thuộc Nippon"
  },
  {
    "name": "Sugar Cane",
    "colorcode": "#BDD86E",
    "desc": "Đây là màu sơn bản quyền thuộc Nippon"
  },
  {
    "name": "Green Cape",
    "colorcode": "#A2C83B",
    "desc": "Đây là màu sơn bản quyền thuộc Nippon"
  },
  {
    "name": "Spring Vigor",
    "colorcode": "#B4D446",
    "desc": "Đây là màu sơn bản quyền thuộc Nippon"
  },
  {
    "name": "Villa Green",
    "colorcode": "#BED47C",
    "desc": "Đây là màu sơn bản quyền thuộc Nippon"
  },
  {
    "name": "Lightly Green",
    "colorcode": "#D7E2A1",
    "desc": "Đây là màu sơn bản quyền thuộc Nippon"
  },
  {
    "name": "Fern Tip",
    "colorcode": "#DDE3A8",
    "desc": "Đây là màu sơn bản quyền thuộc Nippon"
  },
  {
    "name": "Yellow Grass",
    "colorcode": "#DEDF86",
    "desc": "Đây là màu sơn bản quyền thuộc Nippon"
  },
  {
    "name": "Limerick",
    "colorcode": "#D2DA73",
    "desc": "Đây là màu sơn bản quyền thuộc Nippon"
  },
  {
    "name": "Acid Lime",
    "colorcode": "#C6CB00",
    "desc": "Đây là màu sơn bản quyền thuộc Nippon"
  },
  {
    "name": "Chartreuse",
    "colorcode": "#C2CD43",
    "desc": "Đây là màu sơn bản quyền thuộc Nippon"
  },
  {
    "name": "Spiney Green",
    "colorcode": "#D2D979",
    "desc": "Đây là màu sơn bản quyền thuộc Nippon"
  },
  {
    "name": "Delicate Spikes",
    "colorcode": "#DDE5A2",
    "desc": "Đây là màu sơn bản quyền thuộc Nippon"
  },
  {
    "name": "Sheer Batiste",
    "colorcode": "#F1E4BD",
    "desc": "Đây là màu sơn bản quyền thuộc Nippon"
  },
  {
    "name": "Water Chestnut",
    "colorcode": "#E4D7A8",
    "desc": "Đây là màu sơn bản quyền thuộc Nippon"
  },
  {
    "name": "Dry Bamboo",
    "colorcode": "#DDC982",
    "desc": "Đây là màu sơn bản quyền thuộc Nippon"
  },
  {
    "name": "Natural Slates",
    "colorcode": "#B59503",
    "desc": "Đây là màu sơn bản quyền thuộc Nippon"
  },
  {
    "name": "Woven Slats",
    "colorcode": "#C1A850",
    "desc": "Đây là màu sơn bản quyền thuộc Nippon"
  },
  {
    "name": "Natural Cane",
    "colorcode": "#D3C084",
    "desc": "Đây là màu sơn bản quyền thuộc Nippon"
  },
  {
    "name": "Nutmeats",
    "colorcode": "#EADEAD",
    "desc": "Đây là màu sơn bản quyền thuộc Nippon"
  },
  {
    "name": "Light Haystack",
    "colorcode": "#F1DFBC",
    "desc": "Đây là màu sơn bản quyền thuộc Nippon"
  },
  {
    "name": "Attica",
    "colorcode": "#DDC495",
    "desc": "Đây là màu sơn bản quyền thuộc Nippon"
  },
  {
    "name": "Backpackers Lodge",
    "colorcode": "#BE9E59",
    "desc": "Đây là màu sơn bản quyền thuộc Nippon"
  },
  {
    "name": "Naturella",
    "colorcode": "#A27F39",
    "desc": "Đây là màu sơn bản quyền thuộc Nippon"
  },
  {
    "name": "Knitted Sweater",
    "colorcode": "#B49350",
    "desc": "Đây là màu sơn bản quyền thuộc Nippon"
  },
  {
    "name": "Old Mat",
    "colorcode": "#CDB178",
    "desc": "Đây là màu sơn bản quyền thuộc Nippon"
  },
  {
    "name": "Pilates Mat",
    "colorcode": "#EDD7A7",
    "desc": "Đây là màu sơn bản quyền thuộc Nippon"
  },
  {
    "name": "Creek Sand",
    "colorcode": "#E6DAB6",
    "desc": "Đây là màu sơn bản quyền thuộc Nippon"
  },
  {
    "name": "Broadcloth",
    "colorcode": "#C6BA92",
    "desc": "Đây là màu sơn bản quyền thuộc Nippon"
  },
  {
    "name": "Sandle Tan",
    "colorcode": "#9E905B",
    "desc": "Đây là màu sơn bản quyền thuộc Nippon"
  },
  {
    "name": "Deepset Eyes",
    "colorcode": "#77683F",
    "desc": "Đây là màu sơn bản quyền thuộc Nippon"
  },
  {
    "name": "Golden Sage",
    "colorcode": "#AC9B57",
    "desc": "Đây là màu sơn bản quyền thuộc Nippon"
  },
  {
    "name": "Basket Straw",
    "colorcode": "#CABB88",
    "desc": "Đây là màu sơn bản quyền thuộc Nippon"
  },
  {
    "name": "Cotton Canvas",
    "colorcode": "#D7CDAC",
    "desc": "Đây là màu sơn bản quyền thuộc Nippon"
  },
  {
    "name": "Picket Fences",
    "colorcode": "#EADDC5",
    "desc": "Đây là màu sơn bản quyền thuộc Nippon"
  },
  {
    "name": "Old Barn",
    "colorcode": "#DBC8A9",
    "desc": "Đây là màu sơn bản quyền thuộc Nippon"
  },
  {
    "name": "Rolled Logs",
    "colorcode": "#BEAA84",
    "desc": "Đây là màu sơn bản quyền thuộc Nippon"
  },
  {
    "name": "Woodward",
    "colorcode": "#816E42",
    "desc": "Đây là màu sơn bản quyền thuộc Nippon"
  },
  {
    "name": "Natural Touch",
    "colorcode": "#A68D61",
    "desc": "Đây là màu sơn bản quyền thuộc Nippon"
  },
  {
    "name": "Dried Stacks",
    "colorcode": "#D4C19E",
    "desc": "Đây là màu sơn bản quyền thuộc Nippon"
  },
  {
    "name": "Hunny's Hut",
    "colorcode": "#E2D3B8",
    "desc": "Đây là màu sơn bản quyền thuộc Nippon"
  },
  {
    "name": "Evasive Yellow",
    "colorcode": "#EAE4B7",
    "desc": "Đây là màu sơn bản quyền thuộc Nippon"
  },
  {
    "name": "Glinted White",
    "colorcode": "#E2DEAA",
    "desc": "Đây là màu sơn bản quyền thuộc Nippon"
  },
  {
    "name": "Dried Palm",
    "colorcode": "#D7CC7F",
    "desc": "Đây là màu sơn bản quyền thuộc Nippon"
  },
  {
    "name": "Patchwork",
    "colorcode": "#A59427",
    "desc": "Đây là màu sơn bản quyền thuộc Nippon"
  },
  {
    "name": "Winter Moss",
    "colorcode": "#B7A84E",
    "desc": "Đây là màu sơn bản quyền thuộc Nippon"
  },
  {
    "name": "Moss Print",
    "colorcode": "#D5C988",
    "desc": "Đây là màu sơn bản quyền thuộc Nippon"
  },
  {
    "name": "Crushed Moss",
    "colorcode": "#D3EAA7",
    "desc": "Đây là màu sơn bản quyền thuộc Nippon"
  },
  {
    "name": "Cloud Grass",
    "colorcode": "#E3E4BD",
    "desc": "Đây là màu sơn bản quyền thuộc Nippon"
  },
  {
    "name": "Clear Bank",
    "colorcode": "#D6D1A3",
    "desc": "Đây là màu sơn bản quyền thuộc Nippon"
  },
  {
    "name": "Little Isle",
    "colorcode": "#C4BF82",
    "desc": "Đây là màu sơn bản quyền thuộc Nippon"
  },
  {
    "name": "Campus Green",
    "colorcode": "#BDB200",
    "desc": "Đây là màu sơn bản quyền thuộc Nippon"
  },
  {
    "name": "Green Shoot",
    "colorcode": "#AAA94A",
    "desc": "Đây là màu sơn bản quyền thuộc Nippon"
  },
  {
    "name": "Celery Seed",
    "colorcode": "#C7C083",
    "desc": "Đây là màu sơn bản quyền thuộc Nippon"
  },
  {
    "name": "Celery Powder",
    "colorcode": "#DCD4A8",
    "desc": "Đây là màu sơn bản quyền thuộc Nippon"
  },
  {
    "name": "Mimosette",
    "colorcode": "#EDE9D2",
    "desc": "Đây là màu sơn bản quyền thuộc Nippon"
  },
  {
    "name": "Green Sling",
    "colorcode": "#CFC89E",
    "desc": "Đây là màu sơn bản quyền thuộc Nippon"
  },
  {
    "name": "Miranda Green",
    "colorcode": "#A8A276",
    "desc": "Đây là màu sơn bản quyền thuộc Nippon"
  },
  {
    "name": "Green Pack",
    "colorcode": "#78703C",
    "desc": "Đây là màu sơn bản quyền thuộc Nippon"
  },
  {
    "name": "Green Mile",
    "colorcode": "#8F8654",
    "desc": "Đây là màu sơn bản quyền thuộc Nippon"
  },
  {
    "name": "Young Stalk",
    "colorcode": "#BFB790",
    "desc": "Đây là màu sơn bản quyền thuộc Nippon"
  },
  {
    "name": "Glade",
    "colorcode": "#DED5B2",
    "desc": "Đây là màu sơn bản quyền thuộc Nippon"
  },
  {
    "name": "Soft Greetings",
    "colorcode": "#E3E3CC",
    "desc": "Đây là màu sơn bản quyền thuộc Nippon"
  },
  {
    "name": "Young Bud",
    "colorcode": "#C9CCB1",
    "desc": "Đây là màu sơn bản quyền thuộc Nippon"
  },
  {
    "name": "Green Living",
    "colorcode": "#AFB290",
    "desc": "Đây là màu sơn bản quyền thuộc Nippon"
  },
  {
    "name": "Livia Green",
    "colorcode": "#5D633A",
    "desc": "Đây là màu sơn bản quyền thuộc Nippon"
  },
  {
    "name": "Green Heights",
    "colorcode": "#868B5E",
    "desc": "Đây là màu sơn bản quyền thuộc Nippon"
  },
  {
    "name": "Little Garden",
    "colorcode": "#BBBFA0",
    "desc": "Đây là màu sơn bản quyền thuộc Nippon"
  },
  {
    "name": "By the Pond",
    "colorcode": "#E0E1C4",
    "desc": "Đây là màu sơn bản quyền thuộc Nippon"
  },
  {
    "name": "Little Buddies",
    "colorcode": "#D5D8C0",
    "desc": "Đây là màu sơn bản quyền thuộc Nippon"
  },
  {
    "name": "Froggy's Leaf",
    "colorcode": "#D2D7B7",
    "desc": "Đây là màu sơn bản quyền thuộc Nippon"
  },
  {
    "name": "Brittany",
    "colorcode": "#9C9D7B",
    "desc": "Đây là màu sơn bản quyền thuộc Nippon"
  },
  {
    "name": "Esparina",
    "colorcode": "#5F6538",
    "desc": "Đây là màu sơn bản quyền thuộc Nippon"
  },
  {
    "name": "Brazen",
    "colorcode": "#797D5A",
    "desc": "Đây là màu sơn bản quyền thuộc Nippon"
  },
  {
    "name": "Green Montage",
    "colorcode": "#B7C09B",
    "desc": "Đây là màu sơn bản quyền thuộc Nippon"
  },
  {
    "name": "Green Tag",
    "colorcode": "#CFD5B7",
    "desc": "Đây là màu sơn bản quyền thuộc Nippon"
  },
  {
    "name": "Wavelike",
    "colorcode": "#D6DBC7",
    "desc": "Đây là màu sơn bản quyền thuộc Nippon"
  },
  {
    "name": "Skylark",
    "colorcode": "#B0BDA9",
    "desc": "Đây là màu sơn bản quyền thuộc Nippon"
  },
  {
    "name": "Parrot Green",
    "colorcode": "#899477",
    "desc": "Đây là màu sơn bản quyền thuộc Nippon"
  },
  {
    "name": "Esplanade",
    "colorcode": "#40462A",
    "desc": "Đây là màu sơn bản quyền thuộc Nippon"
  },
  {
    "name": "Torrents",
    "colorcode": "#717B5D",
    "desc": "Đây là màu sơn bản quyền thuộc Nippon"
  },
  {
    "name": "Sweet Escapade",
    "colorcode": "#A1AF95",
    "desc": "Đây là màu sơn bản quyền thuộc Nippon"
  },
  {
    "name": "Green Peers",
    "colorcode": "#CDD3C3",
    "desc": "Đây là màu sơn bản quyền thuộc Nippon"
  },
  {
    "name": "Little Lullaby",
    "colorcode": "#CFD7CE",
    "desc": "Đây là màu sơn bản quyền thuộc Nippon"
  },
  {
    "name": "Young Fonds",
    "colorcode": "#BBC7BA",
    "desc": "Đây là màu sơn bản quyền thuộc Nippon"
  },
  {
    "name": "Georgia Fields",
    "colorcode": "#8B9F91",
    "desc": "Đây là màu sơn bản quyền thuộc Nippon"
  },
  {
    "name": "Great Escape",
    "colorcode": "#475748",
    "desc": "Đây là màu sơn bản quyền thuộc Nippon"
  },
  {
    "name": "Green Hills",
    "colorcode": "#687A69",
    "desc": "Đây là màu sơn bản quyền thuộc Nippon"
  },
  {
    "name": "Young Shepherd",
    "colorcode": "#9EAFA3",
    "desc": "Đây là màu sơn bản quyền thuộc Nippon"
  },
  {
    "name": "Prized Green",
    "colorcode": "#D3DACE",
    "desc": "Đây là màu sơn bản quyền thuộc Nippon"
  },
  {
    "name": "Hidden Green",
    "colorcode": "#D2DAAD",
    "desc": "Đây là màu sơn bản quyền thuộc Nippon"
  },
  {
    "name": "Spring Kissed",
    "colorcode": "#D8E1B4",
    "desc": "Đây là màu sơn bản quyền thuộc Nippon"
  },
  {
    "name": "Creeping Willow",
    "colorcode": "#BFCE82",
    "desc": "Đây là màu sơn bản quyền thuộc Nippon"
  },
  {
    "name": "Great Sentosa",
    "colorcode": "#899A2D",
    "desc": "Đây là màu sơn bản quyền thuộc Nippon"
  },
  {
    "name": "Willow Branch",
    "colorcode": "#94AC4B",
    "desc": "Đây là màu sơn bản quyền thuộc Nippon"
  },
  {
    "name": "Grassy Patch",
    "colorcode": "#CEDA9F",
    "desc": "Đây là màu sơn bản quyền thuộc Nippon"
  },
  {
    "name": "Clover Tip",
    "colorcode": "#DCE1B6",
    "desc": "Đây là màu sơn bản quyền thuộc Nippon"
  },
  {
    "name": "Neverland",
    "colorcode": "#EFEDD4",
    "desc": "Đây là màu sơn bản quyền thuộc Nippon"
  },
  {
    "name": "Green Veil",
    "colorcode": "#CFE3AD",
    "desc": "Đây là màu sơn bản quyền thuộc Nippon"
  },
  {
    "name": "Aquarius Green",
    "colorcode": "#A7C775",
    "desc": "Đây là màu sơn bản quyền thuộc Nippon"
  },
  {
    "name": "Green Pastures",
    "colorcode": "#719F23",
    "desc": "Đây là màu sơn bản quyền thuộc Nippon"
  },
  {
    "name": "Lilting Green",
    "colorcode": "#A2C649",
    "desc": "Đây là màu sơn bản quyền thuộc Nippon"
  },
  {
    "name": "Green Slopes",
    "colorcode": "#BDD697",
    "desc": "Đây là màu sơn bản quyền thuộc Nippon"
  },
  {
    "name": "Grasslands",
    "colorcode": "#E1E9C3",
    "desc": "Đây là màu sơn bản quyền thuộc Nippon"
  },
  {
    "name": "White Fern",
    "colorcode": "#CFE0BB",
    "desc": "Đây là màu sơn bản quyền thuộc Nippon"
  },
  {
    "name": "Little Little",
    "colorcode": "#BAD6AA",
    "desc": "Đây là màu sơn bản quyền thuộc Nippon"
  },
  {
    "name": "Lily Stem",
    "colorcode": "#9FC18D",
    "desc": "Đây là màu sơn bản quyền thuộc Nippon"
  },
  {
    "name": "Climbing Vine",
    "colorcode": "#548528",
    "desc": "Đây là màu sơn bản quyền thuộc Nippon"
  },
  {
    "name": "Painter's Leaf",
    "colorcode": "#7EA159",
    "desc": "Đây là màu sơn bản quyền thuộc Nippon"
  },
  {
    "name": "Secret Garden",
    "colorcode": "#ADD09F",
    "desc": "Đây là màu sơn bản quyền thuộc Nippon"
  },
  {
    "name": "Pine Scent",
    "colorcode": "#D0E2C4",
    "desc": "Đây là màu sơn bản quyền thuộc Nippon"
  },
  {
    "name": "Green Dash",
    "colorcode": "#D0E5CA",
    "desc": "Đây là màu sơn bản quyền thuộc Nippon"
  },
  {
    "name": "Wing Flutter",
    "colorcode": "#C3DCB8",
    "desc": "Đây là màu sơn bản quyền thuộc Nippon"
  },
  {
    "name": "Single Blade",
    "colorcode": "#A2C58D",
    "desc": "Đây là màu sơn bản quyền thuộc Nippon"
  },
  {
    "name": "Bamboo Leaf",
    "colorcode": "#437335",
    "desc": "Đây là màu sơn bản quyền thuộc Nippon"
  },
  {
    "name": "Green Pod",
    "colorcode": "#6E9A57",
    "desc": "Đây là màu sơn bản quyền thuộc Nippon"
  },
  {
    "name": "Comfort Green",
    "colorcode": "#A8CA9A",
    "desc": "Đây là màu sơn bản quyền thuộc Nippon"
  },
  {
    "name": "Green Touch",
    "colorcode": "#C9E3C0",
    "desc": "Đây là màu sơn bản quyền thuộc Nippon"
  },
  {
    "name": "Teardrop",
    "colorcode": "#C5DBCF",
    "desc": "Đây là màu sơn bản quyền thuộc Nippon"
  },
  {
    "name": "Clear Perrier",
    "colorcode": "#A2C9AE",
    "desc": "Đây là màu sơn bản quyền thuộc Nippon"
  },
  {
    "name": "Chameleon",
    "colorcode": "#87AC8A",
    "desc": "Đây là màu sơn bản quyền thuộc Nippon"
  },
  {
    "name": "Green Abyss",
    "colorcode": "#325D42",
    "desc": "Đây là màu sơn bản quyền thuộc Nippon"
  },
  {
    "name": "Terrestrial Green",
    "colorcode": "#5A8D67",
    "desc": "Đây là màu sơn bản quyền thuộc Nippon"
  },
  {
    "name": "Jasper Green",
    "colorcode": "#8CB396",
    "desc": "Đây là màu sơn bản quyền thuộc Nippon"
  },
  {
    "name": "Pine Bud",
    "colorcode": "#B7D2C0",
    "desc": "Đây là màu sơn bản quyền thuộc Nippon"
  },
  {
    "name": "Lake Alone",
    "colorcode": "#C1D9CF",
    "desc": "Đây là màu sơn bản quyền thuộc Nippon"
  },
  {
    "name": "Misty Rain",
    "colorcode": "#9BBFB9",
    "desc": "Đây là màu sơn bản quyền thuộc Nippon"
  },
  {
    "name": "River Port",
    "colorcode": "#7CABA6",
    "desc": "Đây là màu sơn bản quyền thuộc Nippon"
  },
  {
    "name": "Courtyard Green",
    "colorcode": "#2B6D65",
    "desc": "Đây là màu sơn bản quyền thuộc Nippon"
  },
  {
    "name": "Slate Crest",
    "colorcode": "#467E73",
    "desc": "Đây là màu sơn bản quyền thuộc Nippon"
  },
  {
    "name": "Harbour Shadow",
    "colorcode": "#006373",
    "desc": "Đây là màu sơn bản quyền thuộc Nippon"
  },
  {
    "name": "Vantage View",
    "colorcode": "#AACDC7",
    "desc": "Đây là màu sơn bản quyền thuộc Nippon"
  },
  {
    "name": "Sea Nymph Green",
    "colorcode": "#B8DDDB",
    "desc": "Đây là màu sơn bản quyền thuộc Nippon"
  },
  {
    "name": "Water Blue",
    "colorcode": "#A4D2D3",
    "desc": "Đây là màu sơn bản quyền thuộc Nippon"
  },
  {
    "name": "Early Trek",
    "colorcode": "#71B5BD",
    "desc": "Đây là màu sơn bản quyền thuộc Nippon"
  },
  {
    "name": "Green Gable",
    "colorcode": "#247677",
    "desc": "Đây là màu sơn bản quyền thuộc Nippon"
  },
  {
    "name": "Pueblo Blue",
    "colorcode": "#228691",
    "desc": "Đây là màu sơn bản quyền thuộc Nippon"
  },
  {
    "name": "Scuba Dive",
    "colorcode": "#7CC8D0",
    "desc": "Đây là màu sơn bản quyền thuộc Nippon"
  },
  {
    "name": "Blue Bubble",
    "colorcode": "#ACD6D9",
    "desc": "Đây là màu sơn bản quyền thuộc Nippon"
  }
]
